{
  "target_energy": -1.1373060357534,
  "baseline": {
    "energy": -1.5115143675585938,
    "error_pct": 32.903046325372074
  },
  "zne": {
    "energy": -1.5425703299707032,
    "error_pct": 35.633706449894895
  },
  "readout_corrected": {
    "energy": -1.5725979937890626,
    "error_pct": 38.27395128060731
  },
  "combined": {
    "energy": -1.594618712753907,
    "error_pct": 40.210168822111605
  }
}