{
  "molecule": "H2",
  "bond_length": 0.735,
  "basis": "sto-3g",
  "hf_energy": -1.116998996754004,
  "fci_energy": -1.1373060357534,
  "exact_energy": -1.7688410595035489,
  "correlation_energy": -0.02030703899939601,
  "energy_gap": 0.02546954587496386,
  "num_qubits": 4,
  "num_pauli_terms": 15,
  "eigenvalues": [
    -1.7688410595035489,
    -1.743371513628585,
    -1.4389412516657425,
    -1.2858630488054494,
    -1.101938455012711,
    -1.1017778544279646,
    -0.9037948833399069,
    -0.835174088644607
  ]
}